,text,label
0,klein  charming in comedies like american pie and deadon in election  ,1
1,be fruitful ,1
2,soulful and ,1
3,the proud warrior that still lingers in the souls of these characters ,1
4,covered earlier and much better ,0
5,wise and powerful ,1
6,a powerful and reasonably fulfilling gestalt ,1
7,smart and newfangled ,1
8,it too is a bomb  ,0
9,guilty about it ,0
10,while the importance of being earnest offers opportunities for occasional smiles and chuckles ,1
11,stevens  vibrant creative instincts ,1
12,great artistic significance ,1
13,what does nt this film have that an impressionable kid could nt stand to hear  ,1
14,working from a surprisingly sensitive script cowritten by gianni romoli  ,1
15,eight crazy nights is a total misfire  ,0
16,weighty revelations  flowery dialogue  and nostalgia for the past ,1
17,the campy results make mel brooks  borscht belt schtick look sophisticated  ,1
18,demonstrate how desperate the makers of this  we  are  doingitfor  thecash  sequel were ,0
19,accompanied by the sketchiest of captions  ,0
20,a firstclass  thoroughly involving b movie that effectively combines two surefire  beloved genres  the prison flick and the fight film ,1
21,than indecent proposal ,1
22,an mtv  sugar hysteria ,1
23,showcases tom hanks as a depression era hitman in this dark tale of revenge ,1
24,does nt deliver a great story  nor ,0
25,with results that are sometimes bracing  sometimes baffling and quite often  and in unexpected ways  touching ,1
26,distinct rarity ,1
27,hate yourself ,0
28,the mystery of enigma is how a rich historical subject  combined with so much firstrate talent  could have yielded such a flat  plodding picture  ,0
29,unabashedly romantic picture ,1
30,that flow through the hollywood pipeline without a hitch ,1
31,be killed ,0
32,it  will probably be in video stores by christmas  ,0
33,the pristine camerawork ,1
34,terrific  sweatypalmed fun ,1
35,takes hold ,1
36,check this one out ,1
37,is too bad that this likable movie is nt more accomplished  ,1
38,a moving and weighty depiction of one family ,1
39,bighearted and frequently ,1
40,acceptable  occasionally very enjoyable ,1
41,take a complete moron to foul up a screen adaptation of oscar wilde s classic satire ,0
42,a saga of the ups and downs of friendships ,1
43, beloved genres ,1
44,delicious and delicately ,1
45,the huskies are beautiful ,1
46,joyless ,0
47,than this unexpectedly moving meditation on love  history  memory  resistance and artistic transcendence ,1
48,burning ,0
49,inadvertent ones ,0
50,hollow tribute ,0
51,the threed vistas from orbit  with the space station suspended like a huge set of wind chimes over the great blue globe  are stanzas of breathtaking  aweinspiring visual poetry  ,1
52,astonishing   frames  profound ethical and philosophical questions in the form of dazzling pop entertainment ,1
53,are no special effects  and no hollywood endings  ,0
54,there s a scientific law to be discerned here that producers would be well to heed ,0
55,we have no idea what in creation is going on ,0
56,i have always appreciated a smartly written motion picture  ,1
57,readymade midnight movie ,1
58,to the movie s contrived  lame screenplay and listless direction ,0
59,a powerful one thousand nine hundred and fiftyseven drama ,1
60,a thirdperson story now  told by hollywood  and much more ordinary for it ,0
61,nosurprise series ,0
62,extra effort to see an artist  still committed to growth in his ninth decade  change while remaining true to his principles ,1
63, nickelodeonesque kiddie flick ,1
64,offers no new insight ,0
65,disjointed ,0
66,combined with indoctrinated prejudice ,0
67,exploitation film ,0
68,who needs mindbending drugs when they can see this  the final part of the  qatsi  trilogy  directed by godfrey reggio  with music by philip glass  ,1
69,sly  sophisticated and surprising  ,1
70,for a guy who has waited three years with breathless anticipation for a new hal hartley movie to pore over  no such thing is a big letdown  ,0
71,pale successor ,0
72,still want my money back  ,0
73,to the filmmakers  ivan is a prince of a fellow  but he comes across as shallow and glib though not meanspirited  and there s no indication that he s been responsible for putting together any movies of particular value or merit  ,0
74,as terrible as the synergistic impulse that created it ,0
75,obnoxious adults ,0
76,every joke is repeated at least  ,0
77,for nearly three hours ,1
78,hugescreen ,1
79,appears not to have been edited at all ,0
80,a buoyant romantic comedy about friendship  love  and the truth ,1
81,seem like such a bore ,0
82,two thousand and two s first great film ,1
83,amy and matthew have a bit of a phony relationship  but ,0
84,classy ,1
85,clunky tvmovie approach ,0
86,independent film ,1
87,with drama  romance  tragedy  bravery  political intrigue  partisans and sabotage ,1
88,more revealing  more emotional and more surprising  ,1
89,wo nt have any trouble getting kids to eat up these veggies ,1
90,ingenious and ,1
91,outrageous  ingenious ,1
92,though it pretends to expose the life of male hustlers ,0
93,a man whose engaging manner and flamboyant style made him a truly largerthanlife character ,1
94,is unconvincing soap opera that tornatore was right to cut  ,0
95,the most purely enjoyable and satisfying evenings ,1
96,demonstrates a vivid imagination and an impressive style that result in some terrific setpieces ,1
97,gentle and biting ,1
98,of dumb drug jokes and predictable slapstick ,0
99,a movie with depth ,1
100,klein in comedies like american pie and deadon in election,1
101,be fruitful,1
102,soulful and,1
103,proud warrior that still lingers in the souls of these characters,1
104,covered earlier and much better,0
105,wise and powerful,1
106,a powerful and reasonably fulfilling gestalt,1
107,smart and newfangled,1
108,it too is a bomb,0
109,guilty about it,0
110,while importance of being earnest offers opportunities for occasional smiles and chuckles,1
111,stevens vibrant creative instincts,1
112,great artistic significance,1
113,what does this film have that an impressionable kid could nt stand to hear,1
114,working a surprisingly sensitive script cowritten by gianni romoli,1
115,eight crazy nights is a total misfire,0
116,weighty revelations flowery dialogue and nostalgia for the past,1
117,campy results make mel brooks borscht belt schtick look sophisticated,1
118,demonstrate how desperate makers of this we are doingitfor thecash sequel were,0
119,accompanied by the sketchiest of captions,0
120,firstclass thoroughly involving b movie that effectively two surefire beloved genres the prison flick and the fight film,1
121,than indecent proposal,1
122,an mtv sugar hysteria,1
123,tom hanks as a depression era hitman in this dark tale of revenge,1
124,does nt deliver a great story nor,0
125,with results that are sometimes bracing sometimes baffling and quite and in unexpected ways touching,1
126,distinct rarity,1
127,hate yourself,0
128,mystery enigma is how a rich historical subject combined with so much firstrate talent could have yielded such a flat plodding picture,0
129,unabashedly romantic picture,1
130,that flow through the hollywood pipeline without a hitch,1
131,be killed,0
132,it will probably be in video stores by christmas,0
133,the pristine camerawork,1
134,terrific sweatypalmed fun,1
135,takes hold,1
136,check this one out,1
137,too bad that this likable movie is nt more accomplished,1
138,a moving and weighty depiction of one family,1
139,bighearted and frequently,1
140,acceptable occasionally very enjoyable,1
141,a complete moron to foul up a screen adaptation of oscar wilde s classic satire,0
142,a saga of the ups and downs of friendships,1
143,beloved genres,1
144,delicious and delicately,1
145,the huskies are beautiful,1
146,joyless,0
147,this unexpectedly moving meditation on love history memory resistance and artistic transcendence,1
148,burning,0
149,inadvertent ones,0
150,hollow tribute,0
151,threed from orbit with the space station suspended like a huge set of wind chimes over the great blue globe are stanzas of breathtaking aweinspiring visual poetry,1
152,astonishing frames profound and philosophical questions in the form of dazzling pop entertainment,1
153,are no special effects and no hollywood endings,0
154,there s a law to be discerned here that producers would be well to heed,0
155,we have no idea what creation is going on,0
156,i have always appreciated a smartly written motion picture,1
157,readymade midnight movie,1
158,the movie s contrived lame screenplay and listless direction,0
159,a powerful one thousand nine hundred and fiftyseven drama,1
160,a story now told by hollywood and much more ordinary for it,0
161,nosurprise series,0
162,extra effort see artist still committed to growth in his ninth decade change while remaining true to his principles,1
163,nickelodeonesque kiddie flick,1
164,offers no new insight,0
165,disjointed,0
166,combined with indoctrinated prejudice,0
167,exploitation film,0
168,who needs mindbending drugs they can see the final part of the qatsi trilogy directed by godfrey reggio with music by philip glass,1
169,sly sophisticated and surprising,1
170,for a guy waited three years with breathless anticipation for a new hal hartley movie to pore over no such thing is a big letdown,0
171,pale successor,0
172,still want my money back,0
173,ivan is a prince a fellow but he comes across as shallow and glib though not meanspirited and there s no indication that he s been responsible for putting together any movies of particular value or merit,0
174,as terrible as the synergistic impulse that created it,0
175,obnoxious adults,0
176,every joke is repeated at least,0
177,for nearly three hours,1
178,hugescreen,1
179,appears not to have been edited at all,0
180,buoyant romantic comedy about friendship love and the truth,1
181,seem like such a bore,0
182,two thousand and two s first great film,1
183,amy matthew have a bit of a phony relationship but,0
184,classy,1
185,clunky tvmovie approach,0
186,independent film,1
187,with drama romance bravery political intrigue partisans and sabotage,1
188,more revealing more emotional and more surprising,1
189,wo have any trouble getting kids to eat up these veggies,1
190,ingenious and,1
191,outrageous ingenious,1
192,though it pretends expose the life of male hustlers,0
193,man whose engaging manner and flamboyant style made him a truly largerthanlife character,1
194,is unconvincing soap that tornatore was right to cut,0
195,the most purely enjoyable and satisfying evenings,1
196,a vivid imagination and an impressive style that result in some terrific setpieces,1
197,gentle and biting,1
198,of dumb drug jokes and predictable slapstick,0
199,a movie with depth,1
