label,text
9,got an easier way for you to get the records since your husband is immediate family you can now receive those records through the national personnel records center in st louis i have linked thier web site below wich includes instructions on how to apply
9,the economy was up our soldiers were not out there creating terrorists other countries respected us and our freedoms were intact i do not give a tinkers damn if he got some action off the clock
0,i am doubting itnnnow maybe the mother theressa cross with david blaine of his time maybe assuming he existed
4,use the concatenate function with one of the arguments being  nnthe formula you end up with should look something like thisnconcatenatedthree dfive
1,look up wikipedia
8,just  be always very femenine and polaite they have alot of good maners here american culture is more relaxed when it comes to those things but they are not for example never ever burp use good maners on the table things like that mexican people notice
0,glad to see you are a christiannnplease try not to feel this way  i remember feeling like that at one time too  i used to wonder about what god wanted me to do in my life then i realized he has written it right there what he wants us to doits all in his wordnnas for the recreation pray about it  ask the lord for his will to be done  keep letting your light shine honand heads up  you have already made the wisest decision you could ever makethe decision to serve the lord  trust in him and he will guide younngod bless
9,give speechs raise money for charity become an elder statesman and fight the liberals
8,how to solve your man problemnnone go down on himnntwo make him a sandwichnnthree get out of the way of the tvnnfour do not talk so muchnnfive see one
6,depends on whyif you like the people and just hate the job then you sit down with your supervisor and explain that everyone is been great but you just do not feel like the job is a good fit and you are sure the company would benefit more with someone taking over the position that was mose suited to it than you are if it is for personal reasons you apologize profusely about the fact that you must give notice due to a change in circumstance at home if it is that you have just been offered the job of your dreams again apologize profusely but explain that you just cannot pass on this opportunity if possible offer to stay on until they have found a replacementnnive had to do this three times and two out of three employers genuinely wished me well and all three still offer me good references
8,why
8,rollerblading then go for ice creamor coffee it is fun and not that intamimate for a first datengl
8,that is not much of a question is it
5,if they have a hooters out there give them a call  but for the most part i think people are going to be showing the pacquiao vs morales fight  either way you are in for a good show  i my self will be ordering the ufc fight  i need gsp to knock out mattnnanyway good luck
5,you need to get stronger much stronger hit the weight room every single day read up on workout programs and see how they can benefit you ideally you should be working every day rotating muscle groups so you never do the same group two days in a row you need to improve that upper body strength big time i am not sure how good your school is but our fullbacks are benching two hundredlbs here if you are on the line you need to be biggernnon catching you will need to work on that in practice and on your own time away from the weight room your routes should improve because cardio should be part of your training programnnand this is the key part if you really want it there is no offseason too many players indulge over their summers and come to camp out of shape that summer could be the difference between you starting or sitting so think about that nnand last but not leastgood luck
0,assuming you could emigrate there toronto and vancouver are the best bets  vancouver has the best climate think seattle toronto is bigger and more things to do
8,you will get nervous when you are close to him
4,nope  each windows cd is licensed for use on only one pc  because of the way windows xp does online activation if you installed it on a second pc when it dials ms to activate it will find that the serial number has already been used and refuse to activate  after fourteen days for windows xp home it will stop working on the second pc  so if you have two pcs you will have to purchase two copies of windows to keep it legal
9,i do not think that he is necessarily a bad president he just makes bad choices his decision making skills are not good i think the media personifies everything and makes everyone look bad i guess its like with anything else there are pros and cons we just need to pick a president with more cons than pros and one that has a balance when it comes to the issues
3,well i would say uncw some people i know want to be a teacher and they went there and they r teachers now and some of my teachers went there
5,they were five the last time i checked ni hope that helps you
6,was a report made when you fell if not when you go back to work make sure they are aware of what happened and that they file a report with home office then go to see an attorney and explain the situation to himbring your doctors statements or copies if you do not have them do not worry he will get them he will be glad to take your case for a percentage if he feels you have one be sure you find an attorney who specializes in labor laws be sure to take the two days off that your doctor advised you to doi believe they may only be able to deduct it off just this time only for the same incident depending on the laws in your state but do not make the mistake of letting them screw you over and do not worry about your new job they will have to compensate if they do you wrong follow the advice of your attorney find one who will offer a free consultation with you
7,wile e coyotennstupidious geniusneses
8,you call it a confused booty call  fun while they last
0,a shoebox covered in red foil paper then the foil is covered over with white lace beautiful you can also add a ribbon tie and it becomes a great keepsake box for love letters and cards
9,fourfour is eight so is sixtwo and four xtwo is eight
6,reply to it
9,eleven thousand nine hundred and fifty sw twond street beaverton or ninetyseven thousand and five
6,
3,the meaning of life is mahlo dahlo
7,she gave me the queennshe gave me the kingnjust doing her thingnshe was wheelin and dealinnshe was holdin a pairnbut i had to trynher deuce was wildnbut how was i to knownbut my ace was highnsaid she would never had a full housenfrom the tattoo on her left legnbut i should have knownnthat she would been dealt with beforenand the garter on her rightnshed have the card to bring me downnif she played it rightnnshes got the jack
1,replace the y in the first equation with its value from the secondxnine  you get xtwo  xnine  ninennsubtract nine from both sides to get xtwo  x  zeronnfactor out an x  xxone  zeronnso x is zero or x is onennplug these into the original equations to get y  ny zero  nine yninenny  one  nine yeightnnso the complete answers are zeronine and oneeightcheck them in the other equation zerotwo  zero  nine  nine checknonetwo  eight  nine oneeightnine check
5,well do not feel bad south africa is not in like we ever stood a chance so you actually will not be missing anything but to everyone else voorspoed
7,  i am tired just find it here
4,if you are asking if there is a way to do a task like opening and printing twenty documents one at a time over and over again without you having to actually do that task again and again the answer is yes the steps involved are different for macs and pcs so email me at rwbergyahoocom and i will help you create the script that will enable you to do the task repeatedly without actually doing the task
6,i am supposed to be doing analysis designing and developing gaps for oracle finantials applications using oracle tools nnat the moment i am kind of doing nothing  that is why i am stocked and getting an adiction to this game nnwe are working for a client who is giving us only mainteinance work and it is not constantnnanyway i am an oracle applications technical consultant
3,the factorization of the equation you gave is x  fourtwo  zeronnonly zero squared equals zero so x  four has to equal zero  by subtracting four from each side you get x  fournnhope this helps
8,give him a special date with maybe a picnic in a park or somewhere special maybe recreate the first time you all went out on a date do something romantic to really let him know you care about him and i do not mean go out and have sex with him something special that will be a lasting good memory good luck and god bless you
9,if you are asking about the area around the historic park the easiest way to find out is to check the weather on the internet  you can easily find it all search engines include a button upon which you click for weather reports and then you enter the name of the place you want to investigate and click on go or enter  that will give you current conditions  if you want to compare climatological conditions overall shiloh like most other towns and cities has its own web page  type the name into your search engine and go there nas for what condtions were like immediately following general grants near defeat  they were bloody
7,technically your question does not have one single answer it all depends on your definition of powernnon terms of overall power sailor moon would be considered the most powerful her friends are her strengthnnphysical power that goes to jupiternnmental power mercurynnpower to mess everything up plutonnpower of destruction saturnnnhowever in all reality when you get down to it and go with naoko takeuchis manga tuxedo kamen is the most powerful of them all sure you may say he is not a senshi but do you see anyone else with the star seed of earthnnevidence he has a healing ability that is next to none plus he can be a living life support system anyone remember when chibiusa was on the brink of death in supersnnin the anime tux has found a way to manifest his soul into a solid form at times for fighting tsukikage no knight or moonlight knight for the american dub he then as king endymion manifests himself as a holographic program to help the senshi in rnnjust because he chooses to stay in sailor moons shadow does not mean he is not as powerful in fact in the supers manga it is stated that both and sailor moon share the same power and eventual goal and he even has a crystal that is supposed to be equal to sailor moons
7,mahlers first symphony uses frere jacques brother john
1,sometimes we see two rainbows at once what causes this we have followed the path of a ray of sunlight as it enters and is reflected inside the raindrop but not all of the energy of the ray escapes the raindrop after it is reflected once a part of the ray is reflected again and travels along inside the drop to emerge from the drop the rainbow we normally see is called the primary rainbow and is produced by one internal reflection the secondary rainbow arises from two internal reflections and the rays exit the drop at an angle of fifty degrees° rather than the fortytwo°degrees for the red primary bow blue light emerges at an even larger angle of fiftythree degrees° his effect produces a secondary rainbow that has its colors reversed compared to the primary as illustrated in the drawing adapted from the science universe series sight light and color nit is possible for light to be reflected more than twice within a raindrop and one can calculate where the higher order rainbows might be seen but these are never seen in normal circumstances
0,how do you make the planet better placing blame is solely a human trait not godlike so you expose yourself to be sham by that statement nnalso people have worshipped false idols for as long as they have worshipped the one true god so i place the blame at your feet not gods you and the rest of the false idols are tools of satan who brings hatred and evil into everything he touches the creator of the universe is the sole reason we have lasted for this long if we had to rely on false gods like you we would have perished about thirty seconds after we came into beingnnand i pray for your twisted soul that you may come to know him  the one true god who is life and lovennnupdate  nas suspected you never answered me how do you make the planet better why should i believe that you are not the one who is responsible for all the enmity and bitterness nnbtw  you may want to ease up on the drugs a little bit leave the planet megalomania  join us back in this corner of the universe called reality
9,i treat every one the same hate them all
1,yon used to live with me back in the school days he was a sweed on a forign exchange and all his hot cousin hither was from scotland her parents did not want the usual heather so they went with hithernnyon always got pissed when we tried to get her number
2,yes you can get incapaicity benefit for a year and then go on ato claim disability allowance  you need to get certifictes from your gp for the first six months then a med four form and eventually you will go onto disability without the certs xx
6,well the ice at ice rinks are pretty thick i have seen on ebay ice rinks you set up in backyardsthose rinks fill up to three inches so that is a minimum of how thick it should be pond ice should be about five inches as backyard rinks do not crack yet ponds are purely capeable of doing so
9,indian government is doing better had the budget been friendly to the poor and middle class the performance would have been much betternntaxation infra structure honestly in politicspublic life and projects for the upliftment of poor need improvementnnmr dayanidhi maran is doing better among the pms cabinet collegues
2,spina bifida occurs in about one in every twozero births  i was born with spina bifida
9,why not  they have everything elsenincluding every known disease in the world and about five hundred gods and godesses with a thousand arms hooved feet and tusks that have not answer a single prayer in threezero years
9,regulating prices will do one thing run oil refiners out of the us guess what that will do raise prices furthernnwhen people conserve demand goes down lowering the price remember adam smith he did not drive an suv either
3,i believe it is a lot of loans and maybe some grants or scholarships depending on the person  paying these loans off though are not the hardest thing since doctors make some serious cash
4,most often this is caused by a mismatch of chat clientsnndifferent versions of the yahoo messenger will not work together in some ways he may have a completely different clientnnemail works well
5,april twentythree one thousand nine hundred and seventyseven he is twentynine
6,three hundred and sixtyone degreebecause three hundred and sixty degree means using all the forms and formulae of brand consultancythree hundred and sixtyone degree means one degree more than othersso you are offering always something more than othersnall the bestnpratap k pattanayaknbusiness analystbranding and creative services
1,
8,sorry i am from australia have you tried searching their names on the web or contacting the schools you attended to see if they can get in contact with these people nngood luck
6,by hand with a mild dishwashing soap or by hand with a capful of woolite
8,well yeah i guess i would if the other person i was took time to get to know me which no one does so i would not know if i would take time to get to know myself but if i did i would like myself pretty well unless i made myself mad then i would run and hide
9,sure hope so
4,i had the same thing happen you need to uninstall the usb drivers then reinstall them if your key board and mouse are usb you will have to do a manual restart to get them to reinstall they will do this on there own it took me two hours with microsoft to find out that i had a croup driver ever thing works now
2,some people say they work but the only complication i had was that my wallet got lighter
4,there are tons of software options  google is your friend there  mainly depends on what you have at each site  for instance windows servers all have some sort of software vpn capabilitiesnnhowever you can get firewallrouters with vpn endpoint capabilities pretty inexpensively these days  as an example the symantec appliances are simple to use and relatively cheap    dlink linksys and netgear all have stuff cheaper in the soho space as well  or spend more and go for cisco if you have the needs and skills
7,you can buy them heren
3,an option is to get a job with a company that supports education for their excellent employees  excel at work and then use their support to get you into education
1,water food oxygen environment
7,she is in four new movies this year but has not been in a hit movie in a while
0,mostly organized religion
9,marine
6,what was agreed upon or just before they break your kneecaps
3,what do you want to know send me an email and i may be able to help your question is very vague do you want websites about the intruments famous works differnt types of ensembles ect i am a music ed major but you need more detai lto this question in order for me to help you you can reach me at skiertwo thousand seven hundred and nineteenaolcom
2, at this
0,i am a southerner though i moved to the northeast a southerner is very friendly my home is your home they are very good hosts and typically make you feel at home by cooking huge meals that will keep you full for several days they are very warm people too i am sure there is more that i am leaving out
6,he was probably bored
4,let me thinkactually nothing
8,oh please do not even listen to them just tell nndadmom i am the one getting married herei am going to live with this guy for the rest of my life and if i do not have feelings for him the marriage will never last i have someone i love and my heart is with him and i am getting married to him i would really appreciate it if i could get you are blessings but if not i will still marry himnnsimple and short gurl they will not live with you and this certain guy if they reallly like him guess watthey can get married to him or have him live with them sheeshnndo wat you are heart tells you anyway
5,the colorado squid swim team has inky as their mascot
2,coz you do lot of sex
6,when he makes a spinach dip and sourdough bread loaf
2,no but i have injured a few bystanders should read a phew bystanders
2,this is going to sound weird but when you are having sex do the scissors trust me i am gay also it helps if you do the frog position he lies down and you do squats on top of him make sure he does not stick it in your butt it hurts
9,very excited we get to replace one group of politicians with another
8,if you feel bad about it then you should probably not get into that kind of conversation with him right away  he might pick up on your shame and get freaked out  as you know it always comes up some time or another though  just wait till you get to know him and he gets to know you a little more  this way you will both be more comfortable with one another and it will not feel so weird to talk about it
8,i think that she might be hiddin somethin from youshe could be the one playin you hunif i were you i would check up on her and se what she gots to hidethere is somthin she is hiddin and i think you should knoi hope things go good for you
4,php is an opensource reflective programming language originally designed as a highlevel tool for producing dynamic web content php is used mainly in serverside applicationsnnread about the evolution of php at the first referencennthe extensible markup language xml is a wthreecrecommended generalpurpose markup language for creating specialpurpose markup languages capable of describing many different kinds of data in other words xml is a way of describing data and an xml file can contain the data too as in a database it is a simplified subset of standard generalized markup language sgml its primary purpose is to facilitate the sharing of data across different systems particularly systems connected via the internet languages based on xml for example geography markup language gml rdfxml rss atom mathml xhtml svg and musicxml are defined in a formal way allowing programs to modify and validate documents in these languages without prior knowledge of their formnnso sayeth wikipedia
2,of course you can try not to consume sugar at all it really helps never eat oily fried and sweet stuffs
6,the big russian atocks are listed as american depository receipts adrs on the us market  that means you can buy them in us dollars and they have to follow us accounting regulations  you can but them through your broker in the normal way
7,so sick by neyo
8,
0,no and why would you want them too it is much funner this way
2,sounds like you have an eating disorder so check out a psychiatrist not necessarily a psychologist  the psychiatrist is also a medical doctor and might want to order some medical tests
8,be patient it will happen good things happen to those who wait
0,here is the entire text
4,looking for number of geek squad oneeight hundred four hundred and thirtythree five thousand seven hundred and seventyeight n geek squad in best buy  call customer care atnoneeight hundred and eightyeightbest buy oneeight hundred and eightyeighttwo hundred and thirtyseveneight thousand two hundred and eightyninen
8,just continue being yourself sweetie  obviously he likes you  do not tell him how you feel about him  he will ask you out in time  nalso i want to bring up the fact that since he is popular does not mean a darn thing  believe me when i say this me being out of high school for a long while has seen popular people are usually the ones that are not as successful as the ones who are not  it is funny is not it  it may be important to you now but in the real world it does not matter unless you are running for president  nyou may have just met a very special friend right now  do not do anything that may jeopardize your friendship  and if he is shallow to leave you while there are other people aroundyou move on  do not worry about it  and who cares what everyone else thinks  they do not run your life  they have their own lives to worry aboutnyou will do just finengood luck
6,and your the star
8,it seems a little tacky to me  if i were you i would make contact with her and ask her out in person  if you do not have much contact with her she may not have a good idea about who you are and an email may seem strange to her  the personal touch is always better  do not be so shy  the worst thing she can do is say no and the world will not end if she does
4,here are some links make sure you go to the last link wow
8,the ones that say yes
7,i think wolverine as he sounds rather scary and strongalso because that is what you thinklol  onnnlots of love hugs and kisses from amandanx x x x x x x x x x x x x x x x x x x x x
